,Gas,Pressure_atm,gap_mm,breakdown_kV
0,Ar,0.1,0.1,0.18
1,Ar,0.1,0.1,0.22
2,Ar,0.1,0.1,0.18
3,Ar,0.1,0.1,0.18
4,Ar,0.1,0.1,0.2
5,Ar,0.1,0.1,0.2
6,Ar,0.1,0.1,0.22
7,Ar,0.1,0.1,0.22
8,Ar,0.1,0.1,0.22
9,Ar,0.2,0.1,0.2
10,Ar,0.2,0.1,0.2
11,Ar,0.2,0.1,0.2
12,Ar,0.2,0.1,0.2
13,Ar,0.2,0.1,0.2
14,Ar,0.2,0.1,0.2
15,Ar,0.2,0.1,0.225
16,Ar,0.2,0.1,0.23
17,Ar,0.2,0.1,0.225
18,Ar,0.3,0.1,0.2
19,Ar,0.3,0.1,0.21
20,Ar,0.3,0.1,0.22
21,Ar,0.3,0.1,0.23
22,Ar,0.3,0.1,0.24
23,Ar,0.3,0.1,0.2
24,Ar,0.3,0.1,0.25
25,Ar,0.3,0.1,0.25
26,Ar,0.3,0.1,0.25
27,Ar,0.4,0.1,0.25
28,Ar,0.4,0.1,0.25
29,Ar,0.4,0.1,0.24
30,Ar,0.4,0.1,0.25
31,Ar,0.4,0.1,0.25
32,Ar,0.4,0.1,0.26
33,Ar,0.4,0.1,0.25
34,Ar,0.4,0.1,0.25
35,Ar,0.4,0.1,0.26
36,Ar,0.5,0.1,0.28
37,Ar,0.5,0.1,0.28
38,Ar,0.5,0.1,0.27
39,Ar,0.5,0.1,0.32
40,Ar,0.5,0.1,0.28
41,Ar,0.5,0.1,0.25
42,Ar,0.5,0.1,0.3
43,Ar,0.5,0.1,0.3
44,Ar,0.5,0.1,0.29
45,Ar,0.6,0.1,0.27
46,Ar,0.6,0.1,0.3
47,Ar,0.6,0.1,0.28
48,Ar,0.6,0.1,0.3
49,Ar,0.6,0.1,0.32
50,Ar,0.6,0.1,0.3
51,Ar,0.6,0.1,0.32
52,Ar,0.6,0.1,0.32
53,Ar,0.6,0.1,0.3
54,Ar,0.7,0.1,0.35
55,Ar,0.7,0.1,0.35
56,Ar,0.7,0.1,0.34
57,Ar,0.7,0.1,0.35
58,Ar,0.7,0.1,0.36
59,Ar,0.7,0.1,0.36
60,Ar,0.7,0.1,0.35
61,Ar,0.7,0.1,0.35
62,Ar,0.7,0.1,0.35
63,Ar,0.8,0.1,0.35
64,Ar,0.8,0.1,0.33
65,Ar,0.8,0.1,0.33
66,Ar,0.8,0.1,0.33
67,Ar,0.8,0.1,0.35
68,Ar,0.8,0.1,0.34
69,Ar,0.8,0.1,0.35
70,Ar,0.8,0.1,0.37
71,Ar,0.8,0.1,0.38
72,Ar,0.9,0.1,0.38
73,Ar,0.9,0.1,0.38
74,Ar,0.9,0.1,0.4
75,Ar,0.9,0.1,0.38
76,Ar,0.9,0.1,0.38
77,Ar,0.9,0.1,0.39
78,Ar,0.9,0.1,0.38
79,Ar,0.9,0.1,0.39
80,Ar,0.9,0.1,0.38
81,Ar,1.0,0.1,0.4
82,Ar,1.0,0.1,0.4
83,Ar,1.0,0.1,0.41
84,Ar,1.0,0.1,0.38
85,Ar,1.0,0.1,0.41
86,Ar,1.0,0.1,0.4
87,Ar,1.0,0.1,0.4
88,Ar,1.0,0.1,0.41
89,Ar,1.0,0.1,0.4
90,Ar,2,0.1,0.5
91,Ar,2,0.1,0.6
92,Ar,2,0.1,0.6
93,Ar,3,0.1,0.7
94,Ar,3,0.1,0.7
95,Ar,3,0.1,0.7
96,Ar,4,0.1,0.7
97,Ar,4,0.1,0.7
98,Ar,4,0.1,0.7
99,Ar,5,0.1,0.8
100,Ar,5,0.1,0.8
101,Ar,5,0.1,0.8
102,Ar,6,0.1,0.9
103,Ar,6,0.1,0.9
104,Ar,6,0.1,0.9
105,Ar,7,0.1,1
106,Ar,7,0.1,1
107,Ar,7,0.1,1
108,Ar,8,0.1,1.1
109,Ar,8,0.1,1.2
110,Ar,8,0.1,1.1
111,Ar,9,0.1,1.2
112,Ar,9,0.1,1.2
113,Ar,9,0.1,1.2
114,Ar,10,0.1,1.3
115,Ar,10,0.1,1.3
116,Ar,10,0.1,1.3
117,Ar,11,0.1,1.3
118,Ar,11,0.1,1.4
119,Ar,11,0.1,1.4
120,Ar,2,10.0,11.5
121,Ar,2,10.0,11.3
122,Ar,2,10.0,11.3
123,Ar,3,10.0,15.5
124,Ar,3,10.0,15.7
125,Ar,3,10.0,15.7
126,Ar,4,10.0,19.5
127,Ar,4,10.0,19.6
128,Ar,4,10.0,19.6
129,Ar,5,10.0,23.5
130,Ar,5,10.0,23.5
131,Ar,5,10.0,23.5
132,Ar,6,10.0,26.8
133,Ar,6,10.0,26.7
134,Ar,6,10.0,26.8
135,Ar,7,10.0,30.3
136,Ar,7,10.0,30.3
137,Ar,7,10.0,30.3
138,Ar,8,10.0,33.6
139,Ar,8,10.0,33.6
140,Ar,8,10.0,33.6
141,Ar,9,10.0,36.6
142,Ar,9,10.0,36.5
143,Ar,9,10.0,36.5
144,Ar,10,10.0,39.1
145,Ar,10,10.0,39.1
146,Ar,10,10.0,39.1
147,Ar,11,10.0,42
148,Ar,11,10.0,41.9
149,Ar,11,10.0,41.9
150,Ar,0.12,1.0,0.4
151,Ar,0.12,1.0,0.4
152,Ar,0.12,1.0,0.3
153,Ar,0.2,1.0,0.5
154,Ar,0.2,1.0,0.3
155,Ar,0.2,1.0,0.5
156,Ar,0.3,1.0,0.6
157,Ar,0.3,1.0,0.5
158,Ar,0.3,1.0,0.6
159,Ar,0.4,1.0,0.8
160,Ar,0.4,1.0,0.7
161,Ar,0.4,1.0,0.7
162,Ar,0.5,1.0,0.8
163,Ar,0.5,1.0,0.8
164,Ar,0.5,1.0,0.9
165,Ar,0.6,1.0,0.9
166,Ar,0.6,1.0,0.9
167,Ar,0.6,1.0,0.9
168,Ar,0.71,1.0,1
169,Ar,0.71,1.0,1
170,Ar,0.71,1.0,0.9
171,Ar,0.84,1.0,1.1
172,Ar,0.84,1.0,1.1
173,Ar,0.84,1.0,1.1
174,Ar,0.9,1.0,1.1
175,Ar,0.9,1.0,1.1
176,Ar,0.9,1.0,1.1
177,Ar,1.0,1.0,1.2
178,Ar,1.0,1.0,1.2
179,Ar,1.0,1.0,1.2
180,Ar,2,1.0,1.9
181,Ar,2,1.0,1.9
182,Ar,2,1.0,1.9
183,Ar,3,1.0,2.6
184,Ar,3,1.0,2.5
185,Ar,3,1.0,2.5
186,Ar,4,1.0,3.1
187,Ar,4,1.0,3.1
188,Ar,4,1.0,3.1
189,Ar,5,1.0,3.6
190,Ar,5,1.0,3.6
191,Ar,5,1.0,3.6
192,Ar,6,1.0,4.2
193,Ar,6,1.0,4.1
194,Ar,6,1.0,4.1
195,Ar,7,1.0,4.6
196,Ar,7,1.0,4.6
197,Ar,7,1.0,4.6
198,Ar,8,1.0,5.1
199,Ar,8,1.0,5.1
200,Ar,8,1.0,5.1
201,Ar,9,1.0,5.6
202,Ar,9,1.0,5.5
203,Ar,9,1.0,5.6
204,Ar,10,1.0,6
205,Ar,10,1.0,6
206,Ar,10,1.0,6
207,Ar,11,1.0,6.5
208,Ar,11,1.0,6.4
209,Ar,11,1.0,6.4
210,Ar,2,1.0,2.6
211,Ar,2,1.0,2.7
212,Ar,2,1.0,2.6
213,Ar,3,1.0,3.5
214,Ar,3,1.0,3.4
215,Ar,3,1.0,3.5
216,Ar,4,1.0,4
217,Ar,4,1.0,4
218,Ar,4,1.0,4
219,Ar,5,1.0,4.6
220,Ar,5,1.0,4.6
221,Ar,5,1.0,4.5
222,Ar,6,1.0,5
223,Ar,6,1.0,5
224,Ar,6,1.0,5.1
225,Ar,7,1.0,5.5
226,Ar,7,1.0,5.5
227,Ar,7,1.0,5.5
228,Ar,8,1.0,6
229,Ar,8,1.0,5.9
230,Ar,8,1.0,6
231,Ar,9,1.0,6.4
232,Ar,9,1.0,6.4
233,Ar,9,1.0,6.4
234,Ar,10,1.0,6.9
235,Ar,10,1.0,6.9
236,Ar,10,1.0,6.9
237,Ar,11,1.0,7.3
238,Ar,11,1.0,7.2
239,Ar,11,1.0,7.3
240,Ar,2,1.0,1.9
241,Ar,2,1.0,1.9
242,Ar,2,1.0,1.9
243,Ar,3,1.0,2.4
244,Ar,3,1.0,2.4
245,Ar,3,1.0,2.4
246,Ar,4,1.0,3.2
247,Ar,4,1.0,3.0
248,Ar,4,1.0,3.0
249,Ar,5,1.0,3.4
250,Ar,5,1.0,3.5
251,Ar,5,1.0,3.4
252,Ar,6,1.0,3.8
253,Ar,6,1.0,3.3
254,Ar,6,1.0,3.8
255,Ar,7,1.0,4.1
256,Ar,7,1.0,4.1
257,Ar,7,1.0,4.2
258,Ar,8,1.0,4.4
259,Ar,8,1.0,4.4
260,Ar,8,1.0,4.4
261,Ar,9,1.0,4.7
262,Ar,9,1.0,4.7
263,Ar,9,1.0,4.8
264,Ar,10,1.0,5.1
265,Ar,10,1.0,5.1
266,Ar,10,1.0,5.2
267,Ar,11,1.0,5.4
268,Ar,11,1.0,5.5
269,Ar,11,1.0,5.4
270,Ar,2,5.0,8.2
271,Ar,2,5.0,8.2
272,Ar,2,5.0,8.3
273,Ar,3,5.0,10.6
274,Ar,3,5.0,10.5
275,Ar,3,5.0,10.5
276,Ar,4,5.0,13.1
277,Ar,4,5.0,13.1
278,Ar,4,5.0,12.8
279,Ar,5,5.0,15.4
280,Ar,5,5.0,15.2
281,Ar,5,5.0,15
282,Ar,6,5.0,17
283,Ar,6,5.0,16.8
284,Ar,6,5.0,16.8
285,Ar,7,5.0,19
286,Ar,7,5.0,18.8
287,Ar,7,5.0,18.8
288,Ar,8,5.0,20.2
289,Ar,8,5.0,20.4
290,Ar,8,5.0,20.2
291,Ar,9,5.0,22.5
292,Ar,9,5.0,22.1
293,Ar,9,5.0,22.2
294,Ar,10,5.0,23.8
295,Ar,10,5.0,23.8
296,Ar,10,5.0,23.8
297,Ar,11,5.0,25.3
298,Ar,11,5.0,25.6
299,Ar,11,5.0,25.3
300,Ar,2,5.0,6.9
301,Ar,2,5.0,6.9
302,Ar,2,5.0,6.9
303,Ar,3,5.0,9.6
304,Ar,3,5.0,9.6
305,Ar,3,5.0,9.5
306,Ar,4,5.0,12.1
307,Ar,4,5.0,12
308,Ar,4,5.0,12
309,Ar,5,5.0,13.8
310,Ar,5,5.0,13.9
311,Ar,5,5.0,13.9
312,Ar,6,5.0,16.4
313,Ar,6,5.0,16.1
314,Ar,6,5.0,16
315,Ar,7,5.0,18.2
316,Ar,7,5.0,18.1
317,Ar,7,5.0,18
318,Ar,8,5.0,20
319,Ar,8,5.0,20
320,Ar,8,5.0,19.8
321,Ar,9,5.0,21.8
322,Ar,9,5.0,21.4
323,Ar,9,5.0,21.5
324,Ar,10,5.0,23.6
325,Ar,10,5.0,23.5
326,Ar,10,5.0,23.5
327,Ar,11,5.0,25.2
328,Ar,11,5.0,24.8
329,Ar,11,5.0,24.6
330,ArCF4,0.1,10.0,1.8
331,ArCF4,0.1,10.0,1.8
332,ArCF4,0.1,10.0,1.8
333,ArCF4,0.2,10.0,2.9
334,ArCF4,0.2,10.0,2.9
335,ArCF4,0.2,10.0,3.1
336,ArCF4,0.3,10.0,4.3
337,ArCF4,0.3,10.0,3.7
338,ArCF4,0.3,10.0,3.9
339,ArCF4,0.4,10.0,5.1
340,ArCF4,0.4,10.0,4.8
341,ArCF4,0.4,10.0,4.9
342,ArCF4,0.5,10.0,5.9
343,ArCF4,0.5,10.0,5.9
344,ArCF4,0.5,10.0,5.9
345,ArCF4,0.6,10.0,6.5
346,ArCF4,0.6,10.0,7.0
347,ArCF4,0.6,10.0,6.8
348,ArCF4,0.7,10.0,8.1
349,ArCF4,0.7,10.0,7.6
350,ArCF4,0.7,10.0,8.0
351,ArCF4,0.8,10.0,8.5
352,ArCF4,0.8,10.0,9.4
353,ArCF4,0.8,10.0,9.0
354,ArCF4,0.8,10.0,9.1
355,ArCF4,0.9,10.0,9.3
356,ArCF4,0.9,10.0,9.3
357,ArCF4,0.9,10.0,9.3
358,ArCF4,1.0,10.0,10.1
359,ArCF4,1.0,10.0,10.2
360,ArCF4,1.0,10.0,10.1
361,ArCF4,2,10.0,16.8
362,ArCF4,2,10.0,17.2
363,ArCF4,2,10.0,17.2
364,ArCF4,3,10.0,24.2
365,ArCF4,3,10.0,24.2
366,ArCF4,3,10.0,24.1
367,ArCF4,4,10.0,32.4
368,ArCF4,4,10.0,32.2
369,ArCF4,4,10.0,32.2
370,ArCF4,5,10.0,39.6
371,ArCF4,5,10.0,39.9
372,ArCF4,5,10.0,40.1
373,ArCF4,6,10.0,46.7
374,ArCF4,6,10.0,47.3
375,ArCF4,6,10.0,47.1
376,ArCF4,0.1,1.0,0.6
377,ArCF4,0.1,1.0,0.6
378,ArCF4,0.1,1.0,0.5
379,ArCF4,0.2,1.0,0.9
380,ArCF4,0.2,1.0,0.8
381,ArCF4,0.2,1.0,0.9
382,ArCF4,0.33,1.0,1.4
383,ArCF4,0.33,1.0,1.0
384,ArCF4,0.33,1.0,1.9
385,ArCF4,0.33,1.0,1.0
386,ArCF4,0.4,1.0,1.5
387,ArCF4,0.4,1.0,1.6
388,ArCF4,0.4,1.0,1.4
389,ArCF4,0.5,1.0,1.7
390,ArCF4,0.5,1.0,1.3
391,ArCF4,0.5,1.0,1.4
392,ArCF4,0.62,1.0,1.3
393,ArCF4,0.62,1.0,1.6
394,ArCF4,0.62,1.0,1.3
395,ArCF4,0.7,1.0,2.0
396,ArCF4,0.7,1.0,1.8
397,ArCF4,0.7,1.0,1.6
398,ArCF4,0.7,1.0,1.4
399,ArCF4,0.8,1.0,1.9
400,ArCF4,0.8,1.0,1.4
401,ArCF4,0.8,1.0,1.6
402,ArCF4,0.9,1.0,1.8
403,ArCF4,0.9,1.0,1.6
404,ArCF4,0.9,1.0,1.6
405,ArCF4,1.0,1.0,2.0
406,ArCF4,1.0,1.0,2.2
407,ArCF4,1.0,1.0,2.1
408,ArCF4,2,1.0,3.0
409,ArCF4,2,1.0,3.0
410,ArCF4,2,1.0,3.2
411,ArCF4,3,1.0,4.0
412,ArCF4,3,1.0,3.6
413,ArCF4,3,1.0,3.7
414,ArCF4,4,1.0,4.4
415,ArCF4,4,1.0,4.4
416,ArCF4,4,1.0,4.2
417,ArCF4,5,1.0,5.1
418,ArCF4,5,1.0,5.8
419,ArCF4,5,1.0,5.7
420,ArCF4,6,1.0,6.2
421,ArCF4,6,1.0,6.0
422,ArCF4,6,1.0,6.6
423,ArCF4,7,1.0,6.8
424,ArCF4,7,1.0,6.4
425,ArCF4,7,1.0,6.7
426,ArCF4,8,1.0,7.6
427,ArCF4,8,1.0,7.4
428,ArCF4,8,1.0,7.5
429,ArCF4,9,1.0,8.1
430,ArCF4,9,1.0,8.2
431,ArCF4,9,1.0,8.0
432,ArCF4,10,1.0,9.0
433,ArCF4,10,1.0,9.3
434,ArCF4,10,1.0,8.8
435,ArCF4,11,1.0,9.8
436,ArCF4,11,1.0,9.7
437,ArCF4,11,1.0,10.1
438,ArCH4,0.1,10.0,2.8
439,ArCH4,0.1,10.0,2.1
440,ArCH4,0.1,10.0,2.3
441,ArCH4,0.2,10.0,3.4
442,ArCH4,0.2,10.0,3.3
443,ArCH4,0.2,10.0,3.4
444,ArCH4,0.3,10.0,4.6
445,ArCH4,0.3,10.0,4.6
446,ArCH4,0.3,10.0,4.6
447,ArCH4,0.4,10.0,5.7
448,ArCH4,0.4,10.0,5.5
449,ArCH4,0.4,10.0,5.7
450,ArCH4,0.5,10.0,6.7
451,ArCH4,0.5,10.0,6.7
452,ArCH4,0.5,10.0,6.8
453,ArCH4,0.6,10.0,7.6
454,ArCH4,0.6,10.0,7.5
455,ArCH4,0.6,10.0,7.4
456,ArCH4,0.7,10.0,8.4
457,ArCH4,0.7,10.0,8.5
458,ArCH4,0.7,10.0,8.5
459,ArCH4,0.7,10.0,8.7
460,ArCH4,0.81,10.0,9.5
461,ArCH4,0.81,10.0,9.6
462,ArCH4,0.81,10.0,9.7
463,ArCH4,0.91,10.0,10.5
464,ArCH4,0.91,10.0,10.3
465,ArCH4,0.91,10.0,10.3
466,ArCH4,1.0,10.0,11.2
467,ArCH4,1.0,10.0,11.3
468,ArCH4,1.0,10.0,11.2
469,ArCH4,2,10.0,24
470,ArCH4,2,10.0,20
471,ArCH4,2,10.0,20
472,ArCH4,3,10.0,27.5
473,ArCH4,3,10.0,27.5
474,ArCH4,3,10.0,26.5
475,ArCH4,4,10.0,33.5
476,ArCH4,4,10.0,33.5
477,ArCH4,4,10.0,34
478,ArCH4,5,10.0,40.5
479,ArCH4,5,10.0,40.5
480,ArCH4,5,10.0,41
481,ArCH4,6,10.0,47
482,ArCH4,6,10.0,47
483,ArCH4,6,10.0,47.5
484,ArCH4,2,10.0,19.8
485,ArCH4,2,10.0,19.4
486,ArCH4,2,10.0,19.4
487,ArCH4,3,10.0,25.6
488,ArCH4,3,10.0,25.6
489,ArCH4,3,10.0,25.6
490,ArCH4,4,10.0,32.6
491,ArCH4,4,10.0,32.6
492,ArCH4,4,10.0,32.8
493,ArCH4,5,10.0,38.2
494,ArCH4,5,10.0,38.8
495,ArCH4,5,10.0,39
496,ArCH4,6,10.0,44.6
497,ArCH4,6,10.0,44.9
498,ArCH4,6,10.0,44.9
499,ArCH4,6,10.0,44.9
500,ArCH4,7,10.0,51
501,ArCH4,7,10.0,45
502,ArCH4,7,10.0,46.7
503,ArCH4,0.11,1.0,0.6
504,ArCH4,0.11,1.0,0.6
505,ArCH4,0.11,1.0,0.6
506,ArCH4,0.2,1.0,0.8
507,ArCH4,0.2,1.0,0.9
508,ArCH4,0.2,1.0,0.8
509,ArCH4,0.2,1.0,0.8
510,ArCH4,0.3,1.0,1.1
511,ArCH4,0.3,1.0,1.0
512,ArCH4,0.3,1.0,1.1
513,ArCH4,0.4,1.0,1.3
514,ArCH4,0.4,1.0,1.3
515,ArCH4,0.4,1.0,1.3
516,ArCH4,0.5,1.0,1.4
517,ArCH4,0.5,1.0,1.4
518,ArCH4,0.5,1.0,1.4
519,ArCH4,0.6,1.0,1.7
520,ArCH4,0.6,1.0,1.7
521,ArCH4,0.6,1.0,1.7
522,ArCH4,0.7,1.0,2.0
523,ArCH4,0.7,1.0,1.9
524,ArCH4,0.7,1.0,1.9
525,ArCH4,0.81,1.0,2.0
526,ArCH4,0.81,1.0,1.9
527,ArCH4,0.81,1.0,2.1
528,ArCH4,0.81,1.0,2.1
529,ArCH4,0.9,1.0,2.1
530,ArCH4,0.9,1.0,2.1
531,ArCH4,0.9,1.0,2.1
532,ArCH4,1.0,1.0,2.2
533,ArCH4,1.0,1.0,2.1
534,ArCH4,1.0,1.0,2.1
535,ArCH4,1.0,1.0,2.1
536,ArCH4,2,5.0,11.9
537,ArCH4,2,5.0,11
538,ArCH4,2,5.0,10.5
539,ArCH4,3,5.0,14.8
540,ArCH4,3,5.0,14.7
541,ArCH4,3,5.0,15.1
542,ArCH4,4,5.0,18.4
543,ArCH4,4,5.0,18.3
544,ArCH4,4,5.0,18.4
545,ArCH4,5,5.0,22.2
546,ArCH4,5,5.0,22.2
547,ArCH4,5,5.0,22.2
548,ArCH4,6,5.0,25.2
549,ArCH4,6,5.0,25.5
550,ArCH4,6,5.0,25.6
551,ArCH4,7,5.0,28.8
552,ArCH4,7,5.0,28
553,ArCH4,7,5.0,29
554,ArCH4,8,5.0,31
555,ArCH4,8,5.0,30
556,ArCH4,8,5.0,30
557,ArCH4,9,5.0,31
558,ArCH4,9,5.0,31
559,ArCH4,9,5.0,31
560,ArCH4,10,5.0,34
561,ArCH4,10,5.0,33.4
562,ArCH4,10,5.0,32.5
563,ArCH4,11,5.0,34.5
564,ArCH4,11,5.0,35.6
565,ArCH4,11,5.0,35.5
566,ArCO2,2,10.0,21.8
567,ArCO2,2,10.0,21.6
568,ArCO2,2,10.0,21.5
569,ArCO2,3,10.0,29.5
570,ArCO2,3,10.0,29.4
571,ArCO2,3,10.0,29.3
572,ArCO2,4,10.0,38
573,ArCO2,4,10.0,37.7
574,ArCO2,4,10.0,37.7
575,ArCO2,5,10.0,45.6
576,ArCO2,5,10.0,45.6
577,ArCO2,5,10.0,45.3
578,ArCO2,0.1,1.0,0.7
579,ArCO2,0.1,1.0,0.7
580,ArCO2,0.1,1.0,0.75
581,ArCO2,0.2,1.0,0.95
582,ArCO2,0.2,1.0,0.99
583,ArCO2,0.2,1.0,0.83
584,ArCO2,0.2,1.0,0.917
585,ArCO2,0.3,1.0,1.01
586,ArCO2,0.3,1.0,1.16
587,ArCO2,0.3,1.0,1.13
588,ArCO2,0.4,1.0,1.25
589,ArCO2,0.4,1.0,1.3
590,ArCO2,0.4,1.0,1.3
591,ArCO2,0.5,1.0,1.6
592,ArCO2,0.5,1.0,1.6
593,ArCO2,0.5,1.0,1.4
594,ArCO2,0.6,1.0,2.0
595,ArCO2,0.6,1.0,1.9
596,ArCO2,0.6,1.0,1.8
597,ArCO2,0.7,1.0,2.4
598,ArCO2,0.7,1.0,2.1
599,ArCO2,0.7,1.0,1.9
600,ArCO2,0.8,1.0,2.0
601,ArCO2,0.8,1.0,2.0
602,ArCO2,0.8,1.0,2.3
603,ArCO2,0.8,1.0,2.2
604,ArCO2,0.9,1.0,2.2
605,ArCO2,0.9,1.0,2.1
606,ArCO2,0.9,1.0,2.1
607,ArCO2,0.9,1.0,2.1
608,ArCO2,1.0,1.0,2.5
609,ArCO2,1.0,1.0,2.3
610,ArCO2,1.0,1.0,2.5
611,ArCO2,2,1.0,4
612,ArCO2,2,1.0,4
613,ArCO2,2,1.0,4
614,ArCO2,3,1.0,5
615,ArCO2,3,1.0,5
616,ArCO2,3,1.0,5
617,ArCO2,4,1.0,5.4
618,ArCO2,4,1.0,5.4
619,ArCO2,4,1.0,5.3
620,ArCO2,5,1.0,6.4
621,ArCO2,5,1.0,6.4
622,ArCO2,5,1.0,6.3
623,ArCO2,6,1.0,7.3
624,ArCO2,6,1.0,7.5
625,ArCO2,6,1.0,7.2
626,ArCO2,7,1.0,8.2
627,ArCO2,7,1.0,8.3
628,ArCO2,7,1.0,8.1
629,ArCO2,8,1.0,9.1
630,ArCO2,8,1.0,9.1
631,ArCO2,8,1.0,9.1
632,ArCO2,9,1.0,10
633,ArCO2,9,1.0,10
634,ArCO2,9,1.0,10
635,ArCO2,10,1.0,10.9
636,ArCO2,10,1.0,10.9
637,ArCO2,10,1.0,10.9
638,ArCO2,11,1.0,11.7
639,ArCO2,11,1.0,11.8
640,ArCO2,11,1.0,11.8
641,ArCO2,2,5.0,11.2
642,ArCO2,2,5.0,10.8
643,ArCO2,2,5.0,11.1
644,ArCO2,3,5.0,15.5
645,ArCO2,3,5.0,15.1
646,ArCO2,3,5.0,15
647,ArCO2,4,5.0,19.6
648,ArCO2,4,5.0,19.4
649,ArCO2,4,5.0,19.6
650,ArCO2,5,5.0,23.8
651,ArCO2,5,5.0,24
652,ArCO2,5,5.0,23.8
653,ArCO2,6,5.0,27.3
654,ArCO2,6,5.0,27.3
655,ArCO2,6,5.0,27.4
656,ArCO2,7,5.0,31.1
657,ArCO2,7,5.0,31.1
658,ArCO2,7,5.0,31.1
659,ArCO2,8,5.0,35.5
660,ArCO2,8,5.0,34.8
661,ArCO2,8,5.0,35.2
662,ArCO2,9,5.0,38.8
663,ArCO2,9,5.0,38
664,ArCO2,9,5.0,38.5
665,ArCO2,10,5.0,43.5
666,ArCO2,10,5.0,42.5
667,ArCO2,10,5.0,42.6
668,ArCO2,11,5.0,46.6
669,ArCO2,11,5.0,46
670,ArCO2,11,5.0,46.8
671,CF4,0.1,10.0,5.2
672,CF4,0.1,10.0,5.5
673,CF4,0.1,10.0,5.1
674,CF4,0.2,10.0,10.7
675,CF4,0.2,10.0,9.2
676,CF4,0.2,10.0,10.4
677,CF4,0.3,10.0,11.8
678,CF4,0.3,10.0,14.1
679,CF4,0.3,10.0,13.6
680,CF4,0.4,10.0,15.5
681,CF4,0.4,10.0,16.0
682,CF4,0.4,10.0,16.7
683,CF4,0.5,10.0,18.6
684,CF4,0.5,10.0,19.8
685,CF4,0.5,10.0,20.3
686,CF4,0.61,10.0,24.6
687,CF4,0.61,10.0,23.9
688,CF4,0.61,10.0,23.9
689,CF4,0.71,10.0,26.6
690,CF4,0.71,10.0,26.4
691,CF4,0.71,10.0,27.4
692,CF4,0.8,10.0,29.9
693,CF4,0.8,10.0,29.6
694,CF4,0.8,10.0,29.5
695,CF4,0.9,10.0,32.5
696,CF4,0.9,10.0,32.7
697,CF4,0.9,10.0,34.1
698,CF4,1.0,10.0,36.1
699,CF4,1.0,10.0,35.0
700,CF4,1.0,10.0,36.7
701,CF4,0.11,10.0,5.0
702,CF4,0.11,10.0,5.4
703,CF4,0.11,10.0,5.5
704,CF4,0.2,10.0,8.6
705,CF4,0.2,10.0,9.1
706,CF4,0.2,10.0,9.3
707,CF4,0.3,10.0,13.3
708,CF4,0.3,10.0,12.7
709,CF4,0.3,10.0,15.5
710,CF4,0.4,10.0,16.2
711,CF4,0.4,10.0,16.3
712,CF4,0.4,10.0,16.5
713,CF4,0.5,10.0,19.6
714,CF4,0.5,10.0,18.6
715,CF4,0.5,10.0,18.9
716,CF4,0.6,10.0,23.3
717,CF4,0.6,10.0,22.4
718,CF4,0.6,10.0,24.4
719,CF4,0.7,10.0,27.3
720,CF4,0.7,10.0,27.1
721,CF4,0.7,10.0,26.6
722,CF4,0.8,10.0,32.4
723,CF4,0.8,10.0,31.6
724,CF4,0.8,10.0,30.3
725,CF4,0.9,10.0,33.9
726,CF4,0.9,10.0,36.5
727,CF4,0.9,10.0,32.8
728,CF4,1.0,10.0,36.9
729,CF4,1.0,10.0,37
730,CF4,1.0,10.0,37.8
731,CF4,0.1,1.0,1.2
732,CF4,0.1,1.0,1.2
733,CF4,0.1,1.0,1.2
734,CF4,0.2,1.0,2.0
735,CF4,0.2,1.0,2.1
736,CF4,0.2,1.0,2.1
737,CF4,0.3,1.0,2.5
738,CF4,0.3,1.0,2.4
739,CF4,0.3,1.0,2.1
740,CF4,0.4,1.0,2.3
741,CF4,0.4,1.0,2.2
742,CF4,0.4,1.0,2.3
743,CF4,0.51,1.0,2.8
744,CF4,0.51,1.0,2.9
745,CF4,0.51,1.0,2.8
746,CF4,0.6,1.0,3.2
747,CF4,0.6,1.0,3.0
748,CF4,0.6,1.0,3.3
749,CF4,0.7,1.0,3.4
750,CF4,0.7,1.0,3.5
751,CF4,0.7,1.0,3.5
752,CF4,0.8,1.0,3.9
753,CF4,0.8,1.0,4.0
754,CF4,0.8,1.0,4.0
755,CF4,0.9,1.0,4.1
756,CF4,0.9,1.0,4.4
757,CF4,0.9,1.0,4.3
758,CF4,1.0,1.0,4.7
759,CF4,1.0,1.0,4.9
760,CF4,1.0,1.0,4.7
761,CF4,2,1.0,7.8
762,CF4,2,1.0,7.6
763,CF4,2,1.0,7.5
764,CF4,3,1.0,10.2
765,CF4,3,1.0,10.7
766,CF4,3,1.0,10.4
767,CF4,4,1.0,13.4
768,CF4,4,1.0,13.7
769,CF4,4,1.0,13.5
770,CF4,5,1.0,16.4
771,CF4,5,1.0,16.3
772,CF4,5,1.0,16.5
773,CF4,6,1.0,18.2
774,CF4,6,1.0,20.0
775,CF4,6,1.0,20.1
776,CF4,7,1.0,22.3
777,CF4,7,1.0,22.4
778,CF4,7,1.0,22.1
779,CF4,8,1.0,24.4
780,CF4,8,1.0,25.1
781,CF4,8,1.0,25.0
782,CF4,9,1.0,27.9
783,CF4,9,1.0,26.9
784,CF4,9,1.0,28.6
785,CF4,10,1.0,29.6
786,CF4,10,1.0,29.7
787,CF4,10,1.0,30.3
788,CF4,11,1.0,31.4
789,CF4,11,1.0,32.2
790,CF4,11,1.0,31.3
791,CO2,2,10.0,52.6
792,CO2,2,10.0,49.8
793,CO2,2,10.0,48.9
794,CO2,2,10.0,48.7
795,CO2,0.1,1.0,1.3
796,CO2,0.1,1.0,1.3
797,CO2,0.1,1.0,1.3
798,CO2,0.2,1.0,2.2
799,CO2,0.2,1.0,1.9
800,CO2,0.2,1.0,1.9
801,CO2,0.3,1.0,2.2
802,CO2,0.3,1.0,2.4
803,CO2,0.3,1.0,2.4
804,CO2,0.4,1.0,2.7
805,CO2,0.4,1.0,2.6
806,CO2,0.4,1.0,2.7
807,CO2,0.5,1.0,3.2
808,CO2,0.5,1.0,3.1
809,CO2,0.5,1.0,3
810,CO2,0.6,1.0,3.6
811,CO2,0.6,1.0,3.7
812,CO2,0.6,1.0,3.5
813,CO2,0.7,1.0,3.9
814,CO2,0.7,1.0,4.9
815,CO2,0.7,1.0,3.9
816,CO2,0.8,1.0,4.4
817,CO2,0.8,1.0,4.2
818,CO2,0.8,1.0,4.6
819,CO2,0.9,1.0,5.2
820,CO2,0.9,1.0,4.6
821,CO2,0.9,1.0,4.4
822,CO2,1.0,1.0,4.9
823,CO2,1.0,1.0,5.9
824,CO2,1.0,1.0,5.3
825,CO2,2,1.0,8.5
826,CO2,2,1.0,7.6
827,CO2,2,1.0,7.5
828,CO2,2,1.0,7.5
829,CO2,3,1.0,9.8
830,CO2,3,1.0,9.8
831,CO2,3,1.0,9.8
832,CO2,4,1.0,12.3
833,CO2,4,1.0,12.3
834,CO2,4,1.0,12.5
835,CO2,5,1.0,14.7
836,CO2,5,1.0,14.8
837,CO2,5,1.0,14.7
838,CO2,6,1.0,16.9
839,CO2,6,1.0,16.3
840,CO2,6,1.0,16.9
841,CO2,7,1.0,18.4
842,CO2,7,1.0,18.5
843,CO2,7,1.0,19.2
844,CO2,8,1.0,20.8
845,CO2,8,1.0,21.1
846,CO2,8,1.0,21.5
847,CO2,9,1.0,22.4
848,CO2,9,1.0,22.9
849,CO2,9,1.0,22.9
850,CO2,10,1.0,24.9
851,CO2,10,1.0,25.1
852,CO2,10,1.0,25.1
853,CO2,11,1.0,27.8
854,CO2,11,1.0,27.4
855,CO2,11,1.0,27.2
856,Xe,0.1,10.0,2.3
857,Xe,0.1,10.0,2.3
858,Xe,0.1,10.0,2.3
859,Xe,0.2,10.0,3.5
860,Xe,0.2,10.0,3.5
861,Xe,0.2,10.0,3.4
862,Xe,0.3,10.0,4.3
863,Xe,0.3,10.0,4.5
864,Xe,0.3,10.0,4.5
865,Xe,0.4,10.0,5.0
866,Xe,0.4,10.0,5.0
867,Xe,0.4,10.0,4.6
868,Xe,0.5,10.0,5.0
869,Xe,0.5,10.0,5.1
870,Xe,0.5,10.0,5.2
871,Xe,0.6,10.0,5.5
872,Xe,0.6,10.0,5.6
873,Xe,0.6,10.0,5.5
874,Xe,0.7,10.0,6.0
875,Xe,0.7,10.0,6.2
876,Xe,0.7,10.0,6.2
877,Xe,0.8,10.0,6.7
878,Xe,0.8,10.0,6.7
879,Xe,0.8,10.0,6.7
880,Xe,0.9,10.0,7.2
881,Xe,0.9,10.0,7.2
882,Xe,0.9,10.0,7.1
883,Xe,1.0,10.0,7.6
884,Xe,1.0,10.0,7.6
885,Xe,1.0,10.0,7.6
886,Xe,0.1,1.0,0.5
887,Xe,0.1,1.0,0.5
888,Xe,0.1,1.0,0.5
889,Xe,0.22,1.0,0.9
890,Xe,0.22,1.0,0.7
891,Xe,0.22,1.0,0.8
892,Xe,0.3,1.0,0.9
893,Xe,0.3,1.0,1
894,Xe,0.3,1.0,1.1
895,Xe,0.4,1.0,1.1
896,Xe,0.4,1.0,1.1
897,Xe,0.4,1.0,1.1
898,Xe,0.5,1.0,1.3
899,Xe,0.5,1.0,1.3
900,Xe,0.5,1.0,1.2
901,Xe,0.6,1.0,1.5
902,Xe,0.6,1.0,1.5
903,Xe,0.6,1.0,1.5
904,Xe,0.7,1.0,1.6
905,Xe,0.7,1.0,1.6
906,Xe,0.7,1.0,1.7
907,Xe,0.8,1.0,1.7
908,Xe,0.8,1.0,1.7
909,Xe,0.8,1.0,1.7
910,Xe,0.9,1.0,1.9
911,Xe,0.9,1.0,2
912,Xe,0.9,1.0,2.1
913,Xe,1.0,1.0,2.2
914,Xe,1.0,1.0,2.3
915,Xe,1.0,1.0,2.2
916,Xe,2,1.0,3.0
917,Xe,2,1.0,3.0
918,Xe,2,1.0,3.0
919,Xe,3,1.0,4.0
920,Xe,3,1.0,4.0
921,Xe,3,1.0,4.0
922,Xe,4,1.0,4.7
923,Xe,4,1.0,4.8
924,Xe,4,1.0,4.7
925,Xe,5,1.0,5.7
926,Xe,5,1.0,5.7
927,Xe,5,1.0,5.7
928,Xe,6,1.0,6.2
929,Xe,6,1.0,6.2
930,Xe,6,1.0,6.3
931,Xe,7,1.0,7.2
932,Xe,7,1.0,7.2
933,Xe,7,1.0,7.2
934,Xe,8,1.0,7.9
935,Xe,8,1.0,7.9
936,Xe,8,1.0,7.9
937,Xe,9,1.0,8.3
938,Xe,9,1.0,8.2
939,Xe,9,1.0,8.5
940,Xe,10,1.0,8.0
941,Xe,10,1.0,7.6
942,Xe,10,1.0,7.8
943,Xe,11,1.0,8.9
944,Xe,11,1.0,8.6
945,Xe,11,1.0,9.4
